mfcc_1_mean,mfcc_1_std,mfcc_2_mean,mfcc_2_std,mfcc_3_mean,mfcc_3_std,mfcc_4_mean,mfcc_4_std,mfcc_5_mean,mfcc_5_std,mfcc_6_mean,mfcc_6_std,mfcc_7_mean,mfcc_7_std,mfcc_8_mean,mfcc_8_std,mfcc_9_mean,mfcc_9_std,mfcc_10_mean,mfcc_10_std,mfcc_11_mean,mfcc_11_std,mfcc_12_mean,mfcc_12_std,mfcc_13_mean,mfcc_13_std,rms_mean,zcr_mean,filename,sr,duration_sec
-394.3877258300781,141.01734924316406,78.27574157714844,62.52342987060547,5.093875408172607,29.972333908081055,-9.07629680633545,35.96281051635742,3.056077241897583,13.795685768127441,-3.986631393432617,18.992462158203125,-8.147802352905273,23.586320877075195,-1.1117981672286987,13.165433883666992,-5.851550579071045,17.767332077026367,2.418332576751709,6.852548122406006,-5.807411193847656,14.784918785095215,0.9871869087219238,7.202436447143555,0.6807807087898254,9.335471153259277,0.07199127972126007,0.04993454953457447,101415-3-0-2.wav,16000,3.0
-276.8129577636719,78.6785888671875,165.0737762451172,24.66200065612793,12.44852352142334,28.403181076049805,-49.94110107421875,31.679170608520508,-6.442587375640869,7.610658645629883,-25.60253143310547,10.774482727050781,-42.37649154663086,12.599597930908203,-32.08652114868164,9.187880516052246,-26.38813591003418,10.209732055664062,3.1465985774993896,12.058914184570312,-13.359455108642578,12.074655532836914,7.372716426849365,7.552163600921631,-12.518364906311035,10.507936477661133,0.11578842997550964,0.05760160405585106,101415-3-0-3.wav,16000,3.0
-373.1410827636719,143.45266723632812,71.29673767089844,54.417476654052734,2.810295820236206,27.10525131225586,-2.794804334640503,31.610233306884766,2.9270637035369873,12.235910415649414,-5.949722766876221,18.55413818359375,-10.258956909179688,22.421537399291992,-2.8229970932006836,14.767582893371582,-5.971068859100342,17.751005172729492,5.728689193725586,5.819039344787598,-1.90052330493927,11.31566333770752,-0.6956331133842468,9.011527061462402,-2.620635509490967,9.410465240478516,0.055665209889411926,0.0627908909574468,101415-3-0-8.wav,16000,3.0
-298.2601318359375,225.7601318359375,49.2832145690918,45.16797637939453,-29.376026153564453,30.48820686340332,-3.057300567626953,18.281972885131836,-9.241610527038574,10.447153091430664,2.2620317935943604,5.6634345054626465,-2.55432391166687,6.017173767089844,5.715585231781006,6.815515041351318,1.5794907808303833,5.976156234741211,6.371269226074219,7.816561222076416,8.094934463500977,9.89703369140625,3.4781601428985596,7.365082263946533,1.3869553804397583,6.322441577911377,0.06505729258060455,0.08742831615691489,102106-3-0-0.wav,16000,3.0
-304.577392578125,182.1300048828125,108.57074737548828,51.297306060791016,24.60535430908203,24.36778450012207,10.135062217712402,9.094491004943848,-6.168921947479248,10.750596046447754,1.0055136680603027,6.195901870727539,0.2761859893798828,5.771667957305908,6.391040325164795,4.197074890136719,1.6998437643051147,4.742160320281982,1.6641926765441895,4.564112186431885,-2.28078293800354,6.074982643127441,6.24780797958374,4.2925567626953125,7.8404221534729,5.0697431564331055,0.048910170793533325,0.0449478474069149,102305-6-0-0.wav,16000,3.0
-156.39649963378906,15.542174339294434,100.84219360351562,13.741283416748047,37.423057556152344,10.364045143127441,27.001630783081055,7.492916584014893,9.144181251525879,7.862846851348877,9.277161598205566,6.977563381195068,-2.1973915100097656,5.823197364807129,-0.16569441556930542,4.6614861488342285,-7.998013973236084,3.8266983032226562,-3.3101255893707275,3.6541953086853027,-7.728279113769531,3.3984010219573975,1.0373274087905884,3.7035675048828125,1.4365440607070923,5.135486125946045,0.10841198265552521,0.06729970079787234,102842-3-0-1.wav,16000,3.0
-50.711544036865234,23.26904296875,99.47728729248047,12.687957763671875,21.00347900390625,11.790424346923828,17.842437744140625,10.572351455688477,4.251401424407959,8.101469993591309,6.9324445724487305,5.985409259796143,-6.699775218963623,6.661424160003662,-1.7055636644363403,6.731181621551514,-2.177504777908325,5.144702911376953,6.320258140563965,5.027113914489746,0.009211568161845207,4.526569843292236,5.588900089263916,4.626553058624268,5.971142292022705,4.254428386688232,0.18485641479492188,0.07495636635638298,102842-3-1-0.wav,16000,3.0
-95.5333480834961,25.23497200012207,82.63321685791016,12.265031814575195,17.96175765991211,14.794903755187988,22.20248794555664,10.161593437194824,8.323546409606934,6.989524841308594,9.409551620483398,5.544954776763916,-2.3807530403137207,7.391407012939453,2.9752132892608643,6.765696048736572,0.3768985867500305,7.13892126083374,5.982492446899414,4.748110771179199,-0.2782032787799835,4.261223793029785,7.820400238037109,4.410315990447998,5.175418376922607,5.090259075164795,0.10123001039028168,0.09880942486702128,102842-3-1-5.wav,16000,3.0
-112.60113525390625,25.644283294677734,80.37295532226562,14.503954887390137,16.910879135131836,14.34571361541748,19.29790496826172,10.835819244384766,6.1665544509887695,7.1705851554870605,8.56137466430664,6.748931407928467,-0.08689199388027191,7.177290439605713,3.7894108295440674,6.473178863525391,-2.5028913021087646,6.237160682678223,5.752871990203857,4.4836039543151855,1.3504129648208618,4.669468402862549,7.731542587280273,4.724268436431885,5.08774471282959,4.748031139373779,0.08782882988452911,0.10443504820478723,102842-3-1-6.wav,16000,3.0
50.87303161621094,36.582603454589844,66.11717987060547,16.84954261779785,2.287137508392334,3.9414751529693604,11.217422485351562,4.324569225311279,-12.218865394592285,3.950523853302002,10.227317810058594,4.040204048156738,-8.498895645141602,3.8556926250457764,9.996912002563477,3.627436399459839,-7.211842060089111,2.980116367340088,1.853073239326477,3.9604251384735107,-3.667799234390259,3.780560255050659,3.5724542140960693,3.127513885498047,1.5352541208267212,3.654575824737549,0.20394431054592133,0.212890625,103074-7-0-0.wav,16000,3.0
61.93185806274414,6.0418477058410645,61.85150146484375,3.393326759338379,4.956851482391357,3.5015220642089844,15.647258758544922,3.922290563583374,-12.016677856445312,3.7318942546844482,11.982331275939941,3.3632140159606934,-3.7197258472442627,3.991914749145508,12.239543914794922,2.763026237487793,-7.274234771728516,3.0517094135284424,2.6879255771636963,3.085278034210205,-1.0563926696777344,3.347517728805542,4.072258949279785,2.413384437561035,3.3552041053771973,2.957623243331909,0.22173269093036652,0.21216859208776595,103074-7-0-1.wav,16000,3.0
45.5047492980957,10.650409698486328,58.859519958496094,6.9337687492370605,2.430962562561035,5.0377936363220215,14.96912670135498,4.055145740509033,-10.118003845214844,4.0181474685668945,15.32850456237793,4.334208965301514,-0.7370142936706543,3.623040199279785,14.90034294128418,2.912086248397827,-4.5880022048950195,3.784508466720581,2.767061948776245,3.3323440551757812,-0.17048828303813934,3.2596163749694824,4.417689323425293,3.1451570987701416,3.7943735122680664,3.092978000640869,0.19249485433101654,0.21724879488031915,103074-7-0-2.wav,16000,3.0
26.763376235961914,24.23240852355957,64.03091430664062,11.476970672607422,8.00142765045166,4.84575080871582,12.976447105407715,4.890414237976074,-10.133243560791016,5.395343780517578,11.7746000289917,4.6718597412109375,-6.077621936798096,3.5154967308044434,9.443102836608887,4.157248020172119,-2.6601850986480713,3.8060922622680664,-1.0023689270019531,4.071639060974121,-1.6746456623077393,2.9196102619171143,3.7824368476867676,4.607784748077393,2.4545490741729736,3.9389970302581787,0.16868767142295837,0.20294319315159576,103074-7-1-0.wav,16000,3.0
42.699222564697266,10.256651878356934,69.61840057373047,5.6999125480651855,10.374195098876953,3.250922679901123,14.629796028137207,3.26031231880188,-13.335407257080078,3.4377646446228027,10.03981876373291,4.40293550491333,-7.426130771636963,3.6783368587493896,10.183191299438477,3.8558905124664307,-6.906810283660889,4.68632698059082,0.6723422408103943,3.36932110786438,-2.1939170360565186,3.681885242462158,2.2758476734161377,3.8022172451019287,1.5983245372772217,3.524817943572998,0.20076534152030945,0.18685588430851063,103074-7-1-1.wav,16000,3.0
56.97551345825195,9.04271125793457,60.105037689208984,8.098999977111816,9.955418586730957,3.7913031578063965,14.044949531555176,3.2433388233184814,-13.027562141418457,3.0974204540252686,11.121506690979004,3.1662771701812744,-9.641573905944824,2.4040355682373047,10.135810852050781,3.750385284423828,-8.901565551757812,3.427454948425293,1.9775776863098145,3.120028495788574,-2.2981016635894775,3.4866695404052734,4.595230579376221,3.4137375354766846,3.686436414718628,2.7573022842407227,0.21471691131591797,0.23077002992021275,103074-7-1-2.wav,16000,3.0
37.91816329956055,7.051772594451904,57.240970611572266,5.207801818847656,8.322717666625977,3.3819313049316406,12.240248680114746,4.444602966308594,-13.705628395080566,3.200460195541382,12.748614311218262,3.1414380073547363,-8.270889282226562,3.424891471862793,11.502564430236816,3.2434990406036377,-8.931745529174805,3.9867138862609863,-1.5399245023727417,3.879751205444336,-2.5474061965942383,3.00691294670105,5.837734222412109,2.8090929985046387,3.268963098526001,3.616321086883545,0.17208261787891388,0.2406031831781915,103074-7-1-3.wav,16000,3.0
50.617637634277344,5.288771152496338,56.54889678955078,3.833202600479126,7.763245105743408,3.4281842708587646,12.882761001586914,3.4267122745513916,-15.743563652038574,3.2348170280456543,12.12556266784668,3.1034181118011475,-12.358348846435547,3.790693998336792,10.769137382507324,3.51897931098938,-13.660526275634766,3.9637467861175537,-3.8766908645629883,3.2913670539855957,-4.174261093139648,3.2460546493530273,5.9387617111206055,3.306598424911499,5.45172643661499,3.059221029281616,0.19493889808654785,0.24173038563829788,103074-7-1-4.wav,16000,3.0
36.95783233642578,12.399964332580566,67.6656494140625,9.460885047912598,10.644645690917969,4.17988395690918,14.669562339782715,3.6235289573669434,-14.049715995788574,5.318268299102783,8.309527397155762,4.139584064483643,-14.10567569732666,3.1783626079559326,10.890066146850586,4.185523986816406,-14.903740882873535,4.104734897613525,-4.235799789428711,3.4483940601348877,-5.230655670166016,2.9528398513793945,6.3388471603393555,2.442300319671631,5.750961780548096,2.6231677532196045,0.18865042924880981,0.19064266123670212,103074-7-1-5.wav,16000,3.0
-11.603981971740723,19.108205795288086,81.88571166992188,9.285079956054688,13.636425018310547,4.309838771820068,14.354958534240723,4.238670349121094,-7.102035999298096,3.4946632385253906,9.04910945892334,6.346625328063965,-13.571086883544922,5.047741413116455,12.186371803283691,4.6615190505981445,-10.107645034790039,4.314943790435791,-5.150572299957275,4.382904529571533,-4.997401237487793,3.2626659870147705,8.096010208129883,3.339547872543335,6.488816738128662,3.682128429412842,0.13686245679855347,0.1396744099069149,103074-7-1-6.wav,16000,3.0
-327.7675476074219,342.9510498046875,29.865800857543945,32.3107795715332,1.2432894706726074,4.792693138122559,5.09413480758667,6.669335842132568,-6.160273551940918,7.371381759643555,3.1809802055358887,5.549843788146973,-3.807267189025879,4.865291118621826,4.307570934295654,5.349929332733154,-2.7895119190216064,5.233456611633301,-0.9587029218673706,3.643681287765503,-1.3661611080169678,2.938070297241211,3.7012534141540527,4.8728413581848145,1.6408860683441162,3.1185953617095947,0.082587830722332,0.1048817736037234,103074-7-2-0.wav,16000,3.0
35.9217529296875,11.955376625061035,47.894290924072266,7.161663055419922,1.682817816734314,4.321969985961914,12.842769622802734,4.180598735809326,-8.614871978759766,4.10241174697876,11.335779190063477,4.350325107574463,-6.695127964019775,4.152124404907227,13.871405601501465,4.722790241241455,-6.927145004272461,3.649752378463745,-4.20478630065918,4.870575428009033,-6.4296555519104,3.5021579265594482,9.214141845703125,3.544293165206909,0.04837494343519211,4.201374530792236,0.1629970371723175,0.24930913397606383,103074-7-3-0.wav,16000,3.0
52.602134704589844,6.864638328552246,56.47417449951172,4.391215801239014,9.438272476196289,5.252436637878418,14.050747871398926,3.357792377471924,-7.6485185623168945,3.2988574504852295,14.184900283813477,3.263237714767456,-7.091905117034912,3.3071093559265137,12.677594184875488,3.7813525199890137,-9.102471351623535,3.6081442832946777,-1.612133264541626,5.2937421798706055,-7.623177528381348,3.0728647708892822,10.841692924499512,3.4545843601226807,2.841578960418701,3.9780309200286865,0.20578423142433167,0.21778382646276595,103074-7-3-1.wav,16000,3.0
42.13899230957031,5.632509231567383,58.48672866821289,2.7665328979492188,15.449591636657715,4.051951885223389,16.41240882873535,4.5604753494262695,-7.649980068206787,3.7713193893432617,11.155284881591797,4.159249782562256,-8.31092643737793,2.8849050998687744,13.267779350280762,4.627758979797363,-10.933828353881836,3.9001879692077637,-0.5214877128601074,4.055074214935303,-6.006465911865234,3.4788405895233154,10.264723777770996,3.2894608974456787,2.868821859359741,3.7552127838134766,0.19655340909957886,0.2047300947473404,103074-7-3-2.wav,16000,3.0
40.06819152832031,11.309992790222168,60.2312126159668,5.868571758270264,11.675687789916992,5.055505275726318,18.12661361694336,4.153506278991699,-6.375138759613037,4.063212871551514,9.36059284210205,5.433202266693115,-7.497091770172119,4.4670257568359375,19.980003356933594,5.860545635223389,-15.898029327392578,4.833806991577148,-2.6477887630462646,3.7225728034973145,-2.9071178436279297,4.023620128631592,8.658270835876465,3.0315663814544678,5.774305820465088,3.694840431213379,0.20385466516017914,0.19188933676861702,103074-7-3-3.wav,16000,3.0
41.40289306640625,18.30365753173828,53.84885787963867,7.39976167678833,2.5921273231506348,4.507672309875488,15.452204704284668,5.527878284454346,-14.80048656463623,3.98803973197937,5.236386775970459,4.405917644500732,-8.17824649810791,3.7763378620147705,15.125993728637695,4.842504501342773,-2.965681791305542,3.074714422225952,2.9577889442443848,4.831066608428955,-0.16975834965705872,3.0427675247192383,5.835873126983643,3.3168177604675293,-1.847123622894287,3.585172414779663,0.181436687707901,0.23371010638297873,103074-7-4-0.wav,16000,3.0
24.546215057373047,14.089078903198242,51.1093864440918,6.11652135848999,9.838902473449707,5.883453369140625,18.834474563598633,3.8999433517456055,-7.692424297332764,4.839169979095459,4.90952205657959,3.565281867980957,-4.8542609214782715,3.223564863204956,16.6229190826416,2.743645191192627,-4.600273132324219,3.3701024055480957,-1.4288030862808228,3.6771750450134277,1.779035210609436,3.5913143157958984,5.965278625488281,4.385982990264893,-3.0804028511047363,3.281374216079712,0.15425601601600647,0.22974671708776595,103074-7-4-1.wav,16000,3.0
35.552490234375,8.28745174407959,49.53432083129883,5.551211833953857,15.829129219055176,3.6070022583007812,20.512298583984375,4.037392616271973,-4.104278564453125,3.4175631999969482,6.802302360534668,2.8757355213165283,-7.082614421844482,3.6846017837524414,14.962297439575195,3.490149974822998,-8.924825668334961,3.5575876235961914,0.14336389303207397,3.7908501625061035,-1.4080581665039062,4.631402969360352,2.405982732772827,4.07479190826416,-4.289302349090576,3.6154978275299072,0.1741630882024765,0.24988572140957446,103074-7-4-2.wav,16000,3.0
28.28353500366211,12.157645225524902,55.76828384399414,6.597315311431885,18.547138214111328,4.553506374359131,21.08831024169922,4.883827209472656,-3.7681186199188232,4.122178077697754,5.460134506225586,3.967658519744873,-4.718480587005615,4.205690860748291,14.260920524597168,3.296414375305176,-9.563799858093262,3.214487314224243,-0.2003113180398941,4.089606761932373,-3.145916223526001,2.9907734394073486,3.5658481121063232,3.633960485458374,-3.627795934677124,4.145533084869385,0.1781933307647705,0.21218937001329788,103074-7-4-3.wav,16000,3.0
26.355897903442383,7.07711124420166,64.94540405273438,6.227800369262695,22.22528648376465,4.7653374671936035,18.45635414123535,3.921251058578491,-5.167583465576172,3.659435510635376,4.606800556182861,2.969506025314331,-6.119256019592285,3.574930191040039,11.93997859954834,3.2836599349975586,-9.681334495544434,3.002600908279419,-0.5749154090881348,4.000459671020508,-4.590468883514404,3.3339650630950928,3.9436206817626953,3.0825297832489014,-0.42495760321617126,3.818812608718872,0.18428140878677368,0.1855728474069149,103074-7-4-4.wav,16000,3.0
-8.526598930358887,5.590346813201904,71.02410125732422,4.063863277435303,23.433422088623047,4.433738708496094,16.92554473876953,5.006294250488281,-7.592522621154785,2.980803966522217,2.493889808654785,2.808537721633911,-8.446481704711914,3.342942237854004,11.898893356323242,4.056358814239502,-10.7522611618042,3.007261276245117,1.9213759899139404,3.0225298404693604,-3.4449007511138916,3.241811990737915,5.488278865814209,3.3799402713775635,3.068202495574951,2.6266748905181885,0.13650768995285034,0.17217627992021275,103074-7-4-5.wav,16000,3.0
-13.242548942565918,9.374322891235352,71.29141998291016,5.890519618988037,19.084848403930664,6.766592025756836,16.525856018066406,4.914764404296875,-4.520686149597168,4.1959757804870605,2.170480489730835,3.5668423175811768,-10.220175743103027,4.205316066741943,17.463714599609375,3.6260793209075928,-9.012948036193848,3.6655726432800293,-0.5276285409927368,3.567706346511841,-2.7183194160461426,3.8672854900360107,7.792209148406982,3.40165376663208,3.4447388648986816,3.143850803375244,0.13652798533439636,0.15569938497340424,103074-7-4-6.wav,16000,3.0
-84.48021697998047,7.760672569274902,114.66273498535156,2.9496078491210938,-3.720738172531128,3.287552833557129,35.4807014465332,2.802908420562744,10.689140319824219,3.3679118156433105,30.096723556518555,2.9617390632629395,15.043445587158203,3.5889203548431396,26.364215850830078,2.911083936691284,9.486382484436035,2.3292131423950195,11.132808685302734,2.8861887454986572,1.0327116250991821,2.8843913078308105,5.018066883087158,2.765150785446167,-2.7975499629974365,2.93772029876709,0.2270650416612625,0.032782372007978726,103258-5-0-0.wav,16000,3.0
-73.18955993652344,5.388769626617432,114.33126068115234,2.374746322631836,-5.547274112701416,3.537930727005005,34.74378967285156,3.1588659286499023,9.571697235107422,3.040358066558838,29.277700424194336,2.512850284576416,14.067285537719727,2.6649105548858643,26.089693069458008,3.2403886318206787,9.048315048217773,2.689427137374878,10.263697624206543,3.30791974067688,-1.0866667032241821,2.6662402153015137,1.8956258296966553,2.9537060260772705,-4.2412543296813965,2.7073974609375,0.2255355566740036,0.0373275432180851,103258-5-0-1.wav,16000,3.0
-54.6302604675293,4.212977409362793,114.4285888671875,3.4796576499938965,-8.029532432556152,2.6710522174835205,34.686988830566406,2.552849292755127,8.424966812133789,2.5442850589752197,30.082948684692383,2.8544139862060547,14.679630279541016,2.8908796310424805,25.325510025024414,3.0596506595611572,7.767236709594727,2.552255153656006,10.583069801330566,2.7497544288635254,-0.45920273661613464,2.82654070854187,2.241610050201416,2.528033971786499,-4.613979339599609,2.61885404586792,0.270125150680542,0.038262549867021274,103258-5-0-10.wav,16000,3.0
-43.46579360961914,4.596516132354736,112.88984680175781,2.356422185897827,-8.670086860656738,2.410613536834717,33.37744903564453,2.7871410846710205,8.073081016540527,3.007678985595703,29.70090103149414,2.426792860031128,14.54447078704834,2.671391248703003,24.318710327148438,2.5227911472320557,5.7203803062438965,2.7866568565368652,9.356071472167969,2.51483416557312,-0.4614828824996948,3.001835346221924,2.0157759189605713,2.5317790508270264,-5.831082820892334,2.120316743850708,0.2678658962249756,0.04260513630319149,103258-5-0-11.wav,16000,3.0
-54.38066101074219,4.722618103027344,113.74491882324219,2.551159143447876,-9.635676383972168,2.583693265914917,31.22914695739746,2.835064649581909,6.885540962219238,2.579716205596924,30.674863815307617,2.647709608078003,14.991430282592773,2.8045432567596436,24.767759323120117,3.011695384979248,5.125791072845459,2.4539644718170166,9.036569595336914,2.5152039527893066,0.42332926392555237,3.1549017429351807,3.6142234802246094,2.5604236125946045,-5.404052257537842,2.342747211456299,0.2444007396697998,0.04179479720744681,103258-5-0-12.wav,16000,3.0
-53.152503967285156,6.851640224456787,113.98892211914062,2.835658311843872,-9.971391677856445,3.252018451690674,31.41970443725586,3.128650665283203,7.193185329437256,2.884631395339966,30.09408187866211,3.344698667526245,13.407622337341309,3.1097233295440674,23.959516525268555,2.7436702251434326,5.608437538146973,2.9361164569854736,9.339323043823242,2.3232548236846924,1.8326468467712402,2.7888357639312744,4.5689802169799805,2.60807466506958,-5.625958442687988,2.7497191429138184,0.2549622654914856,0.04087537400265957,103258-5-0-13.wav,16000,3.0
-52.274864196777344,5.062232971191406,113.7048110961914,2.5844194889068604,-9.485822677612305,3.5214755535125732,30.22030258178711,3.048093557357788,7.756503582000732,3.1743948459625244,31.62733268737793,3.284976005554199,14.811779022216797,2.8565943241119385,23.93378257751465,2.8584675788879395,5.679544448852539,2.5663716793060303,8.614984512329102,2.543050765991211,0.5111851096153259,2.873396635055542,4.319189071655273,2.3599517345428467,-6.651318073272705,2.9968299865722656,0.26660457253456116,0.04301030585106383,103258-5-0-14.wav,16000,3.0
-73.40699005126953,5.114525318145752,114.27373504638672,2.468651533126831,-8.750137329101562,3.2266502380371094,31.65137481689453,2.4348936080932617,9.621525764465332,2.7623050212860107,31.504257202148438,3.638976573944092,15.338970184326172,3.1856017112731934,23.726165771484375,2.841557741165161,7.041658878326416,2.4953789710998535,10.248213768005371,2.6738734245300293,2.5361168384552,3.1649930477142334,5.029473781585693,2.6581480503082275,-5.1958394050598145,2.570587635040283,0.2346935272216797,0.0411143201462766,103258-5-0-15.wav,16000,3.0
-133.17791748046875,9.601649284362793,112.1716079711914,5.584722995758057,-2.6475040912628174,6.766854286193848,33.4697265625,3.1830716133117676,13.504440307617188,3.811582326889038,32.40962219238281,3.7027218341827393,17.652402877807617,3.5405468940734863,26.395959854125977,3.7315828800201416,10.027128219604492,3.3792285919189453,11.90755558013916,3.685253858566284,3.56642484664917,3.5663506984710693,6.396557807922363,3.1011664867401123,-2.079686403274536,3.0711095333099365,0.17942366003990173,0.03261095412234043,103258-5-0-16.wav,16000,3.0
-122.01717376708984,13.74211597442627,107.27186584472656,13.826662063598633,-0.4890226721763611,6.47251033782959,34.24238204956055,2.9080097675323486,14.22442626953125,3.3197572231292725,34.180084228515625,3.398597002029419,18.666362762451172,3.8283658027648926,27.9299373626709,3.3604929447174072,9.47477912902832,3.672271490097046,11.435748100280762,3.52553391456604,3.4303886890411377,3.593592643737793,6.831253528594971,3.092855930328369,-2.786250352859497,2.924696445465088,0.17695248126983643,0.033826462765957445,103258-5-0-17.wav,16000,3.0
-104.53323364257812,6.043410778045654,106.81197357177734,3.9698214530944824,-1.1933116912841797,3.088402509689331,31.648244857788086,4.026031970977783,14.766013145446777,3.416646957397461,31.42506980895996,3.411956310272217,18.30190086364746,3.180588722229004,25.914268493652344,3.5778212547302246,7.841563701629639,3.289588689804077,10.753101348876953,2.8822109699249268,4.597079277038574,3.1281557083129883,7.000249862670898,2.7621588706970215,-3.8318932056427,3.1114723682403564,0.18785127997398376,0.03698990192819149,103258-5-0-18.wav,16000,3.0
-116.05793762207031,4.403048992156982,105.90251159667969,3.0037765502929688,1.3575369119644165,4.025038719177246,30.388181686401367,3.4948699474334717,15.830986976623535,3.05009388923645,31.19980239868164,3.308702230453491,18.932292938232422,2.862982749938965,25.258895874023438,3.1502041816711426,7.833467960357666,4.02310037612915,12.4288911819458,2.6142265796661377,5.708930492401123,2.7851316928863525,7.7286787033081055,2.926595449447632,-3.282064914703369,3.5417017936706543,0.18795841932296753,0.038522273936170214,103258-5-0-19.wav,16000,3.0
-60.40688705444336,4.438840866088867,115.1565170288086,2.8837482929229736,-7.836472511291504,3.0054683685302734,33.575435638427734,2.8109869956970215,7.575906276702881,3.317596912384033,29.95663833618164,2.5254459381103516,15.081872940063477,2.6892247200012207,25.91575813293457,2.558807611465454,8.402664184570312,2.7953238487243652,8.704489707946777,2.5352916717529297,-1.304862141609192,2.691748857498169,1.2988865375518799,2.8654253482818604,-4.577308654785156,2.4374005794525146,0.24308709800243378,0.04025203623670213,103258-5-0-2.wav,16000,3.0
-46.66322708129883,3.7295925617218018,118.16146850585938,3.087205410003662,-9.54759407043457,2.7154221534729004,31.203449249267578,3.6012308597564697,5.011870861053467,3.0298542976379395,30.57782554626465,2.8272294998168945,15.025936126708984,2.8702471256256104,24.742130279541016,2.4342117309570312,7.617202281951904,2.7174766063690186,7.909513473510742,2.926652669906616,-1.2110916376113892,2.9802916049957275,1.3378491401672363,2.8094100952148438,-4.941873073577881,2.351536989212036,0.26605966687202454,0.04210646609042553,103258-5-0-3.wav,16000,3.0
-37.29530715942383,5.762862205505371,117.74307250976562,3.114776611328125,-9.910122871398926,2.891376495361328,28.81351089477539,3.1510143280029297,6.640206813812256,3.389193534851074,31.929908752441406,3.014906167984009,14.704118728637695,2.915374755859375,23.557941436767578,2.204310417175293,7.09390926361084,3.056304693222046,8.481515884399414,3.3003971576690674,-1.8784000873565674,2.7654435634613037,-0.15040993690490723,2.8662569522857666,-3.335160255432129,2.7308130264282227,0.28584787249565125,0.04456345578457447,103258-5-0-4.wav,16000,3.0
-38.76376724243164,6.343718528747559,116.14867401123047,2.4740467071533203,-10.09480094909668,2.8995206356048584,29.360593795776367,3.0671305656433105,8.35207748413086,2.066209316253662,31.759300231933594,2.915370225906372,13.47154426574707,2.761363983154297,23.30785369873047,3.096292018890381,8.128890991210938,2.7075910568237305,9.252519607543945,2.796436309814453,-1.5224155187606812,2.6850204467773438,0.8906882405281067,3.561466693878174,-2.415738344192505,2.753584623336792,0.28239303827285767,0.04536860039893617,103258-5-0-5.wav,16000,3.0
-83.21666717529297,9.024909973144531,116.00780487060547,3.152557849884033,-7.352268218994141,3.3086154460906982,31.755352020263672,3.0345044136047363,8.345930099487305,2.9420580863952637,31.834186553955078,2.7732179164886475,13.8390474319458,2.7050979137420654,24.579416275024414,3.065500497817993,7.697901248931885,2.8486721515655518,9.25370979309082,3.0089733600616455,-0.10124315321445465,2.995558738708496,2.233015298843384,3.030611038208008,-2.624157667160034,3.028118371963501,0.20387722551822662,0.0416753241356383,103258-5-0-6.wav,16000,3.0
-121.67098236083984,7.562045097351074,116.53424072265625,3.487623453140259,-5.160477638244629,3.492079973220825,32.081390380859375,3.1384522914886475,10.011358261108398,3.144120931625366,33.29001998901367,3.615959405899048,14.64512825012207,3.7510287761688232,24.61200523376465,3.535614013671875,8.615762710571289,3.132030725479126,11.028592109680176,3.382615089416504,1.944374680519104,2.7841429710388184,1.4195595979690552,3.333763837814331,-3.021526575088501,3.106079578399658,0.15946513414382935,0.03783140791223404,103258-5-0-7.wav,16000,3.0
-130.15460205078125,7.5288519859313965,116.67222595214844,3.5118534564971924,-7.4938459396362305,3.4923441410064697,30.923908233642578,3.5713887214660645,8.477096557617188,3.0262975692749023,31.605819702148438,3.6175060272216797,16.37149429321289,3.1995484828948975,25.78574562072754,3.763535976409912,7.704551696777344,4.007972717285156,9.998080253601074,3.453157901763916,1.7032197713851929,2.830885410308838,2.108153820037842,3.354620933532715,-3.3445239067077637,2.9472737312316895,0.13537909090518951,0.04122859873670213,103258-5-0-8.wav,16000,3.0
-53.86933135986328,6.717236518859863,117.16460418701172,3.699554681777954,-8.241362571716309,3.1107091903686523,31.746681213378906,4.076831340789795,7.82871150970459,2.7544267177581787,32.13588333129883,2.639396905899048,15.903158187866211,2.578166961669922,25.197036743164062,2.6761410236358643,5.344424724578857,3.6002297401428223,8.919513702392578,2.47275447845459,0.1327003389596939,2.872073173522949,2.4229772090911865,2.8186354637145996,-4.267591953277588,2.503042697906494,0.2625630795955658,0.03998192320478723,103258-5-0-9.wav,16000,3.0
-36.76789093017578,28.17588996887207,91.20970153808594,14.527168273925781,-41.09016036987305,13.27531909942627,4.705305576324463,9.682507514953613,-14.00257396697998,7.6486945152282715,0.057079676538705826,9.636528968811035,-18.428049087524414,5.7117743492126465,-3.4381823539733887,8.159257888793945,-4.330786228179932,6.257357597351074,-5.961677074432373,6.003933906555176,-10.17310905456543,5.537474155426025,-2.8970232009887695,6.733911037445068,-6.906480312347412,7.846606731414795,0.1357029378414154,0.15014128989361702,105415-2-0-1.wav,16000,3.0
-67.0420150756836,26.361331939697266,87.06592559814453,14.553359985351562,-50.79738235473633,11.782438278198242,-5.847568035125732,6.878453254699707,-15.370685577392578,8.554171562194824,-0.6505098342895508,9.134736061096191,-13.475251197814941,7.049440860748291,-3.0275967121124268,9.38318157196045,-7.305391311645508,6.977761268615723,-7.526747226715088,6.742994785308838,-9.442511558532715,5.937421798706055,-4.465044975280762,5.665449619293213,-9.495380401611328,5.96077299118042,0.10892032086849213,0.16357941323138298,105415-2-0-15.wav,16000,3.0
-91.90650939941406,35.40030288696289,101.86383056640625,12.115022659301758,-35.17908477783203,14.529494285583496,6.392714023590088,9.166900634765625,-7.6223554611206055,6.4614973068237305,-6.043776988983154,6.303406715393066,-11.059530258178711,4.908011436462402,-8.064685821533203,5.420785903930664,-11.27644157409668,5.397589683532715,-5.03322696685791,5.944303035736084,-9.990133285522461,5.235104560852051,-3.19828724861145,4.981069564819336,-10.077935218811035,4.904147148132324,0.08406896144151688,0.12555061502659576,105415-2-0-19.wav,16000,3.0
-67.50924682617188,19.891063690185547,103.0722427368164,11.654389381408691,-46.706642150878906,9.743315696716309,0.8364593982696533,7.715014934539795,-10.405472755432129,6.37818717956543,-7.07302713394165,7.555359363555908,-15.8469820022583,5.487818717956543,-4.7106032371521,7.550938606262207,-10.153095245361328,6.088911533355713,-8.229440689086914,7.315672397613525,-13.112319946289062,5.321971893310547,-8.30532169342041,6.099762439727783,-11.58460521697998,7.446628570556641,0.10849778354167938,0.14129508809840424,105415-2-0-21.wav,16000,3.0
-83.9622802734375,27.790868759155273,80.92858123779297,13.309609413146973,-35.460697174072266,10.639936447143555,7.729267597198486,9.149513244628906,-13.025567054748535,9.22877311706543,-2.80208158493042,6.3639607429504395,-7.672149181365967,7.208033084869385,-3.6806092262268066,7.5468668937683105,-10.905388832092285,6.197213172912598,-9.288193702697754,6.698305606842041,-14.455373764038086,6.617976188659668,-7.244865417480469,6.016108512878418,-14.059883117675781,6.48051118850708,0.08371009677648544,0.16297165890957446,105415-2-0-24.wav,16000,3.0
-12.480981826782227,23.72981071472168,90.51685333251953,17.09605598449707,-38.978118896484375,8.99429988861084,6.7610673904418945,10.237666130065918,-14.865309715270996,8.140741348266602,0.6095240712165833,6.828596591949463,-17.35890007019043,9.298497200012207,2.067439556121826,12.510828018188477,-11.263047218322754,7.268848896026611,-3.4947123527526855,5.680794715881348,-12.66089916229248,6.836446762084961,-5.559165954589844,5.4324140548706055,-7.576392650604248,5.905293941497803,0.1755412518978119,0.1561564993351064,105415-2-0-4.wav,16000,3.0
-71.35871887207031,35.471866607666016,99.82202911376953,15.152904510498047,-40.44562530517578,15.734468460083008,11.050561904907227,10.377297401428223,-4.844663143157959,6.947842597961426,0.359836220741272,10.485527992248535,-15.430230140686035,8.783923149108887,-6.571983337402344,5.777527809143066,-12.366344451904297,5.3778886795043945,-5.116582870483398,6.138033390045166,-9.483113288879395,5.850813865661621,-3.3719077110290527,8.533198356628418,-8.475495338439941,4.619473457336426,0.11854081600904465,0.13321247506648937,105415-2-0-6.wav,16000,3.0
-55.922550201416016,19.508241653442383,107.33777618408203,15.108806610107422,-37.6892204284668,15.667951583862305,7.099244594573975,8.635030746459961,-9.666889190673828,7.778090953826904,-8.825239181518555,6.310218811035156,-19.527217864990234,7.413084983825684,-8.58769702911377,6.827204704284668,-11.495661735534668,5.667672634124756,-10.239591598510742,8.625005722045898,-10.23572063446045,5.794558525085449,-2.606189012527466,6.528758525848389,-5.341553211212158,5.791026592254639,0.14448343217372894,0.12738946143617022,105415-2-0-8.wav,16000,3.0
28.876163482666016,28.018692016601562,54.231285095214844,13.469892501831055,-38.82790756225586,7.041598796844482,9.137904167175293,5.5519795417785645,-10.965935707092285,7.020943641662598,17.876279830932617,6.196892261505127,-27.392356872558594,5.303887844085693,11.418913841247559,4.823629856109619,-1.671541690826416,5.970864295959473,4.530085563659668,5.074887752532959,-0.7979150414466858,4.888233184814453,-2.381356954574585,4.745789527893066,1.7893673181533813,4.724462509155273,0.17801469564437866,0.2533919963430851,106905-8-0-0.wav,16000,3.0
14.244481086730957,31.611713409423828,65.32711029052734,17.13846206665039,-49.688045501708984,12.931766510009766,5.538137435913086,6.65238094329834,-11.927188873291016,4.679521560668945,20.716712951660156,8.441731452941895,-20.39449691772461,6.473591327667236,12.177239418029785,5.27271032333374,-7.909637928009033,7.622462749481201,1.809586763381958,6.220035076141357,-0.6034783720970154,6.489041328430176,1.6227596998214722,6.9352617263793945,2.3461697101593018,6.367721080780029,0.1774660050868988,0.21614237034574468,106905-8-0-1.wav,16000,3.0
9.221150398254395,10.769009590148926,78.58174896240234,4.840072154998779,-63.41982650756836,8.054277420043945,4.744813442230225,5.15762996673584,-8.71022891998291,6.553896427154541,26.149824142456055,5.5943121910095215,-22.518157958984375,7.275429725646973,10.645759582519531,6.10009765625,-8.568429946899414,8.001551628112793,4.111989974975586,6.742190837860107,-6.851882457733154,5.949592590332031,3.5814619064331055,5.876699447631836,4.752493858337402,5.691251277923584,0.22787460684776306,0.19097510804521275,106905-8-0-2.wav,16000,3.0
-21.022615432739258,10.43978500366211,77.45830535888672,5.313321590423584,-60.21607971191406,5.145283222198486,7.670448303222656,6.851752281188965,-7.949127674102783,6.015263080596924,29.240636825561523,8.423478126525879,-29.862852096557617,9.700973510742188,7.168428897857666,6.4232869148254395,-5.415349960327148,9.892709732055664,7.429299354553223,8.450785636901855,-0.9747058153152466,10.777013778686523,0.8811376690864563,10.541996002197266,0.9616658687591553,7.383902072906494,0.22432084381580353,0.18928690159574468,106905-8-0-3.wav,16000,3.0
-29.791933059692383,35.11615753173828,63.203407287597656,12.49949836730957,-22.968454360961914,12.258023262023926,28.361413955688477,10.928465843200684,-12.559261322021484,6.719817161560059,2.3841605186462402,7.204394340515137,-16.276260375976562,4.869480133056641,-4.673916339874268,5.649313926696777,-8.555398941040039,4.538382053375244,-2.894937038421631,5.40871524810791,-5.924071788787842,6.509173393249512,-2.7442069053649902,7.923469543457031,11.89422607421875,6.48922061920166,0.19664479792118073,0.14503511469414893,108041-9-0-11.wav,16000,3.0
-24.390050888061523,20.952959060668945,76.2561264038086,10.602279663085938,-19.348228454589844,9.14245319366455,16.415212631225586,13.791519165039062,-11.034067153930664,6.832140922546387,5.683507919311523,4.7851386070251465,-8.012406349182129,8.438301086425781,-6.226182460784912,7.197421073913574,-10.07310962677002,5.674432277679443,2.2938790321350098,5.72855806350708,-2.4478323459625244,6.863247394561768,-0.9004300832748413,7.535446643829346,7.00012731552124,7.921350955963135,0.18088409304618835,0.13881732047872342,108041-9-0-2.wav,16000,3.0
-9.58932113647461,21.859458923339844,74.00703430175781,11.214861869812012,-32.04871368408203,10.353164672851562,16.820138931274414,15.069988250732422,-17.909997940063477,8.057879447937012,3.0863699913024902,6.892424583435059,-11.421282768249512,6.087607383728027,-9.780136108398438,5.800014019012451,-12.197660446166992,5.54703426361084,5.8761773109436035,7.358766555786133,-3.616663932800293,7.3392815589904785,-9.57472038269043,7.693251609802246,3.557130813598633,6.3472723960876465,0.2285102754831314,0.13496820977393617,108041-9-0-4.wav,16000,3.0
-32.540382385253906,19.664587020874023,71.68342590332031,9.394339561462402,-19.73760223388672,8.485633850097656,19.300395965576172,11.230162620544434,-18.97152328491211,8.030240058898926,0.8743330836296082,5.897243499755859,-14.86037540435791,8.572549819946289,-13.345017433166504,5.214859485626221,-16.879968643188477,5.245084762573242,-1.3595705032348633,6.279238700866699,-5.691638469696045,5.678736209869385,-5.707162380218506,6.4589104652404785,8.97400951385498,4.462637424468994,0.2052423357963562,0.11432534075797872,108041-9-0-5.wav,16000,3.0
-42.77898406982422,29.066137313842773,77.42290496826172,9.551713943481445,-16.508621215820312,8.51938247680664,27.521026611328125,8.447229385375977,-10.722373962402344,5.355528831481934,2.990231513977051,6.213924884796143,-19.689207077026367,6.664207935333252,-10.8626127243042,5.93848180770874,-11.143031120300293,6.150201320648193,-2.3912930488586426,6.763528823852539,-4.754106044769287,5.426270961761475,-8.542642593383789,4.038680553436279,7.146008014678955,5.5352606773376465,0.1831936091184616,0.1200184923537234,108041-9-0-6.wav,16000,3.0
-45.95065689086914,35.26359558105469,81.07039642333984,15.55276107788086,-14.932941436767578,9.98625659942627,17.592042922973633,8.569497108459473,-9.701461791992188,8.7857027053833,8.540815353393555,4.232738971710205,-16.052316665649414,8.479148864746094,-5.334047794342041,5.570436477661133,-12.040620803833008,7.4582014083862305,-3.0373375415802,5.044303894042969,-3.1359169483184814,4.991358757019043,-4.365206241607666,8.251413345336914,7.035563945770264,5.945623874664307,0.14851751923561096,0.14023541389627658,108041-9-0-7.wav,16000,3.0
-40.33820343017578,30.75618553161621,65.11858367919922,15.260632514953613,-26.495891571044922,11.313501358032227,5.952389240264893,12.00209903717041,-16.958280563354492,11.378148078918457,8.798243522644043,8.655230522155762,-4.875391960144043,6.429422378540039,-1.569694995880127,7.269726276397705,-16.683542251586914,5.780761241912842,3.533299446105957,5.84905481338501,2.962620735168457,9.40212631225586,7.623791217803955,10.003697395324707,6.916965007781982,5.530569553375244,0.1710381656885147,0.16041597406914893,108041-9-0-9.wav,16000,3.0
-47.13117218017578,23.126741409301758,97.1481704711914,17.822376251220703,-53.1643180847168,11.529294967651367,6.9713544845581055,7.056708812713623,-11.585323333740234,10.617249488830566,21.967235565185547,14.496110916137695,-14.185486793518066,7.735817909240723,4.267714500427246,6.935187816619873,-4.8983941078186035,6.726334095001221,2.003323554992676,6.835585117340088,-2.7105393409729004,6.739752292633057,13.21430492401123,7.8546600341796875,3.1648964881896973,8.634613037109375,0.164020374417305,0.17826421210106383,108362-2-0-11.wav,16000,3.0
-49.9802131652832,29.866554260253906,99.04351806640625,18.869245529174805,-45.52099609375,12.991920471191406,2.8889310359954834,6.288249969482422,-18.61394691467285,12.050825119018555,26.13158416748047,14.1129732131958,-12.387073516845703,9.689176559448242,5.7740960121154785,5.449655532836914,-3.288512945175171,6.596762657165527,3.2967934608459473,8.395672798156738,-2.4700396060943604,7.09571647644043,10.912073135375977,10.131743431091309,-1.1705855131149292,7.934053897857666,0.15252895653247833,0.1648416722074468,108362-2-0-12.wav,16000,3.0
-3.792647361755371,24.84322166442871,82.86076354980469,19.97588348388672,-40.166175842285156,15.149147033691406,3.467414140701294,6.7636189460754395,-15.829240798950195,7.147175312042236,13.768853187561035,6.679296970367432,-1.9861525297164917,7.392049312591553,4.324213027954102,5.870884895324707,-10.171880722045898,6.328886032104492,3.683868408203125,7.03261661529541,-1.8145577907562256,8.645793914794922,7.46892786026001,6.6260480880737305,-3.550945520401001,7.331977844238281,0.17157362401485443,0.185546875,108362-2-0-21.wav,16000,3.0
11.039264678955078,15.095653533935547,92.36742401123047,6.601376056671143,-38.06122589111328,11.53377628326416,10.630236625671387,10.707213401794434,-16.86301040649414,8.13569450378418,27.56621742248535,8.459386825561523,-7.195628643035889,5.595183849334717,4.940155506134033,7.566962718963623,-6.780074119567871,7.187684059143066,1.831076741218567,6.39146614074707,-1.023371696472168,4.675641059875488,7.643610954284668,8.11988353729248,1.195489764213562,6.146376132965088,0.21227090060710907,0.16603640292553193,108362-2-0-23.wav,16000,3.0
-46.57062911987305,27.626617431640625,130.40689086914062,11.549439430236816,-18.246654510498047,10.752317428588867,14.47008228302002,8.721075057983398,-4.421656131744385,6.543821334838867,22.47744369506836,7.598814964294434,3.128490686416626,4.4451775550842285,15.760096549987793,5.325097560882568,1.882484793663025,6.271857738494873,14.308955192565918,6.485561847686768,4.555606842041016,6.67534065246582,11.409168243408203,6.152082920074463,-1.2408008575439453,6.777557849884033,0.21076549589633942,0.06947618849734043,108362-2-0-29.wav,16000,3.0
-18.73676109313965,23.739864349365234,114.90137481689453,23.101154327392578,-24.946022033691406,7.5742506980896,6.925368785858154,8.310072898864746,-13.766669273376465,9.245367050170898,12.025472640991211,8.965601921081543,-3.3187568187713623,5.969067096710205,6.071645736694336,6.4471964836120605,-1.3350813388824463,4.9443888664245605,13.326319694519043,7.032410144805908,2.6592600345611572,7.591537952423096,6.18827486038208,5.196399688720703,-4.522424697875977,5.67294979095459,0.18539103865623474,0.1216287815824468,108362-2-0-30.wav,16000,3.0
-106.21867370605469,36.43561553955078,100.41294860839844,29.104732513427734,-26.582294464111328,10.462971687316895,1.8000218868255615,8.42929458618164,-16.09903335571289,6.670495986938477,15.034430503845215,8.611991882324219,-2.644559621810913,6.421422958374023,13.079460144042969,8.019725799560547,-6.333209037780762,10.026312828063965,7.453826904296875,5.933671951293945,-4.864063739776611,6.050580024719238,4.850235939025879,6.9337592124938965,-8.301752090454102,6.8501973152160645,0.07226967066526413,0.16303399268617022,108362-2-0-7.wav,16000,3.0
-28.38543128967285,27.85138702392578,76.6366958618164,18.838233947753906,-44.35477828979492,18.040790557861328,13.289000511169434,8.830163955688477,-12.046588897705078,14.167779922485352,23.79294776916504,8.049073219299316,-12.738052368164062,8.282252311706543,6.108396053314209,9.667218208312988,-5.92348051071167,9.617353439331055,6.413402080535889,7.53057861328125,-4.666943073272705,8.130294799804688,8.602036476135254,8.911362648010254,5.860788345336914,6.105806827545166,0.17074818909168243,0.19975897606382978,108362-2-0-9.wav,16000,3.0
-206.59278869628906,28.438995361328125,155.30555725097656,7.129209518432617,73.15999603271484,11.630525588989258,49.76921844482422,7.515585899353027,24.215736389160156,4.850587368011475,25.306015014648438,5.747924327850342,5.435120105743408,7.715279579162598,10.302363395690918,3.8218350410461426,-0.5091904401779175,4.339256763458252,5.901376724243164,4.766350746154785,-0.2978111803531647,3.971806049346924,5.112127780914307,3.5523314476013184,-6.6067633628845215,4.271618366241455,0.33579012751579285,0.01700673204787234,113205-5-0-0.wav,16000,3.0
-204.12168884277344,24.35033416748047,159.71116638183594,7.025006294250488,66.40851593017578,8.819124221801758,51.46957778930664,3.905728340148926,27.046955108642578,5.881638526916504,24.38880157470703,3.9273064136505127,7.005980968475342,4.542884826660156,7.266687393188477,4.627873420715332,-0.6150276064872742,3.8996682167053223,4.309021472930908,4.582724094390869,-4.123837947845459,2.8601787090301514,3.9315295219421387,3.1041207313537598,-7.235809326171875,3.2498350143432617,0.34497854113578796,0.020767536569148936,113205-5-1-0.wav,16000,3.0
-209.8823699951172,17.06116485595703,155.08236694335938,6.461602687835693,67.10082244873047,6.764185905456543,48.646236419677734,3.7095203399658203,33.01399230957031,3.436567783355713,25.764734268188477,3.0522007942199707,11.708389282226562,4.1145124435424805,12.376885414123535,4.28339958190918,0.9527194499969482,3.294583320617676,9.303412437438965,3.4572176933288574,-0.9740417003631592,3.3177764415740967,6.444869041442871,3.4054641723632812,-4.418081760406494,3.841306209564209,0.3386634588241577,0.018861161901595744,113205-5-1-1.wav,16000,3.0
-200.45306396484375,17.171857833862305,152.70095825195312,5.168572425842285,63.464874267578125,6.786178112030029,47.47630310058594,3.581446647644043,31.520004272460938,3.8514091968536377,27.283130645751953,3.0747900009155273,13.594711303710938,3.6925458908081055,16.503101348876953,3.4848716259002686,2.1963729858398438,3.119131565093994,10.54176139831543,3.3714489936828613,-0.31212908029556274,2.9711852073669434,6.495075702667236,2.7872581481933594,-1.6088570356369019,2.724972724914551,0.34603118896484375,0.01843001994680851,113205-5-1-2.wav,16000,3.0
-198.173583984375,13.532154083251953,152.34796142578125,4.072186470031738,61.06782913208008,7.781584739685059,47.54840850830078,4.095710277557373,29.561487197875977,5.163424968719482,27.809682846069336,3.0600221157073975,14.213737487792969,3.8382318019866943,17.955934524536133,4.3110671043396,3.1503777503967285,3.9930930137634277,12.759963035583496,5.576094627380371,-0.6089580655097961,3.0292932987213135,6.671408653259277,2.92445969581604,-2.691037654876709,3.7652904987335205,0.3472613990306854,0.01830535239361702,113205-5-1-3.wav,16000,3.0
-197.80496215820312,17.780269622802734,151.07205200195312,5.3421950340271,61.11891174316406,6.87803840637207,47.951045989990234,3.853708505630493,30.291229248046875,4.365726470947266,27.87070083618164,4.149612903594971,13.538675308227539,3.199916362762451,18.698911666870117,3.990375518798828,3.256892442703247,3.7533442974090576,9.725822448730469,3.6085638999938965,-1.8007577657699585,3.8069679737091064,7.306219100952148,3.5815908908843994,-2.25736665725708,3.1716995239257812,0.3424314558506012,0.018700132978723406,113205-5-1-4.wav,16000,3.0
-202.3087158203125,8.43160343170166,153.34237670898438,4.220505237579346,62.901710510253906,5.518770217895508,47.401939392089844,3.4582486152648926,30.46152687072754,3.8757216930389404,28.084136962890625,3.6381330490112305,13.930498123168945,3.094339370727539,17.638643264770508,3.551358938217163,3.4601268768310547,3.9447696208953857,8.938556671142578,3.3077878952026367,-1.7340844869613647,3.0052614212036133,7.637808799743652,2.9388113021850586,-2.1389212608337402,3.0126075744628906,0.3443439304828644,0.018778050199468085,113205-5-1-5.wav,16000,3.0
-209.85609436035156,12.04237174987793,152.42083740234375,4.962465286254883,66.43421173095703,6.600325107574463,48.04413604736328,3.6777193546295166,32.252197265625,3.5241246223449707,28.891143798828125,3.4760448932647705,13.034979820251465,2.7354202270507812,16.398927688598633,3.5624547004699707,2.2561914920806885,3.1959116458892822,10.19116497039795,3.3298401832580566,-2.0561904907226562,3.3653156757354736,8.564574241638184,2.860722541809082,-3.2553153038024902,2.833085298538208,0.3387864828109741,0.01915205285904255,113205-5-1-6.wav,16000,3.0
-207.13189697265625,21.744548797607422,150.4898223876953,5.9513654708862305,64.67893981933594,6.991711616516113,50.0071907043457,4.291468143463135,33.09100341796875,4.123363971710205,28.188993453979492,3.2965500354766846,12.225510597229004,2.9137380123138428,16.42116928100586,3.6539077758789062,2.746109962463379,3.4236185550689697,10.982773780822754,3.7226040363311768,-2.2593777179718018,3.4490644931793213,8.122308731079102,3.243835687637329,-3.32002592086792,2.9775736331939697,0.3396170437335968,0.019515666555851064,113205-5-1-7.wav,16000,3.0
-210.37078857421875,9.357653617858887,149.19952392578125,4.601778030395508,65.49244689941406,4.442566394805908,52.9775390625,3.3657727241516113,33.259613037109375,3.654370069503784,26.909042358398438,3.0625557899475098,12.043671607971191,3.238908529281616,17.260828018188477,3.1984221935272217,4.053050518035889,4.1401448249816895,10.624332427978516,3.244565486907959,-2.3454277515411377,3.2264561653137207,7.815310955047607,3.2052266597747803,-3.1731762886047363,2.531481981277466,0.33979395031929016,0.01965591755319149,113205-5-1-8.wav,16000,3.0
-209.10906982421875,12.776457786560059,149.08375549316406,4.384579181671143,65.87014770507812,5.8196024894714355,52.52211380004883,3.283193349838257,33.31503677368164,3.583601951599121,26.368459701538086,3.134270429611206,11.539438247680664,2.9129650592803955,17.70305824279785,3.3406357765197754,4.245457649230957,3.7046303749084473,12.13499927520752,3.3867452144622803,-2.8277947902679443,2.9793202877044678,7.617349624633789,3.056539535522461,-3.5707037448883057,2.7458434104919434,0.34111860394477844,0.019713056848404256,113205-5-1-9.wav,16000,3.0
-353.1249694824219,162.46775817871094,25.802669525146484,33.38175964355469,-59.35104751586914,49.07247543334961,-26.740522384643555,19.70180892944336,-38.41989517211914,22.275876998901367,-3.7650327682495117,13.739039421081543,13.298203468322754,11.119669914245605,0.06446930021047592,13.019647598266602,-4.630542278289795,11.465028762817383,-4.165346622467041,10.636119842529297,-7.53965425491333,10.130892753601074,-2.6519775390625,13.182234764099121,-5.575568675994873,11.312552452087402,0.04604208096861839,0.1835002493351064,114587-3-0-2.wav,16000,3.0
-212.5619354248047,138.45779418945312,2.255676031112671,27.201412200927734,-84.49746704101562,43.082523345947266,-37.31126403808594,17.38063621520996,-51.61700439453125,16.618432998657227,-4.280527114868164,17.45440101623535,10.122573852539062,10.560660362243652,5.278110504150391,11.535515785217285,-10.351860046386719,10.718147277832031,-8.256219863891602,7.796595573425293,-12.26060676574707,10.397945404052734,8.676586151123047,12.266627311706543,-3.8090999126434326,9.078062057495117,0.09908098727464676,0.21307243184840424,114587-3-0-4.wav,16000,3.0
-208.98373413085938,118.15269470214844,9.651942253112793,26.318225860595703,-83.55027770996094,42.00084686279297,-45.74589157104492,20.946365356445312,-52.33200454711914,17.239877700805664,-2.943667411804199,14.860721588134766,4.035462856292725,12.393654823303223,-11.249602317810059,8.911898612976074,-9.176085472106934,9.403139114379883,-10.28632926940918,8.09442138671875,-14.360466003417969,8.694623947143555,-0.6868360638618469,8.28523063659668,-8.208366394042969,8.137337684631348,0.07609166204929352,0.20839739860372342,114587-3-0-5.wav,16000,3.0
-304.0951843261719,162.7774200439453,21.83865737915039,29.84868812561035,-76.91056823730469,54.60619354248047,-29.435819625854492,18.359432220458984,-42.150386810302734,18.361591339111328,-6.854430675506592,15.087924003601074,9.142929077148438,11.024160385131836,7.261456489562988,9.931896209716797,-4.704384803771973,9.060480117797852,-12.976911544799805,8.28295612335205,-16.83305549621582,10.259398460388184,2.9962878227233887,9.94410228729248,-4.142709732055664,10.230265617370605,0.06413554400205612,0.19623711768617022,114587-3-0-7.wav,16000,3.0
-336.05535888671875,159.73060607910156,63.064666748046875,27.70044708251953,-51.318153381347656,65.81869506835938,-20.949562072753906,30.156784057617188,-8.525137901306152,12.564753532409668,-1.3072640895843506,12.638199806213379,9.52800178527832,10.658059120178223,17.04131317138672,13.95256233215332,-0.21342743933200836,12.425233840942383,1.708384394645691,10.535120010375977,-1.7920600175857544,7.39784049987793,-1.8802191019058228,7.2214274406433105,-4.696877479553223,9.88956356048584,0.056973788887262344,0.13696808510638298,118101-3-0-0.wav,16000,3.0
-318.9831848144531,136.93240356445312,77.1111831665039,21.50356674194336,-33.0041389465332,40.38303756713867,3.4166383743286133,29.570077896118164,-9.371642112731934,13.528139114379883,2.132876396179199,13.047931671142578,3.5166749954223633,8.254565238952637,8.579378128051758,7.6232123374938965,5.016651630401611,9.641035079956055,4.271607875823975,5.7209625244140625,3.0554819107055664,4.808280944824219,-1.8109652996063232,8.636007308959961,-7.735105037689209,9.994494438171387,0.04169778898358345,0.1446818899601064,118101-3-0-3.wav,16000,3.0
-368.8043212890625,188.1165313720703,63.82735061645508,50.85373306274414,-37.20150375366211,38.719078063964844,-11.343022346496582,28.51142692565918,-10.993727684020996,9.760263442993164,-4.9541144371032715,10.096357345581055,0.0791463851928711,6.663128852844238,10.322698593139648,9.95573616027832,7.533502578735352,11.438350677490234,-0.3075263798236847,8.28581428527832,0.6633147597312927,4.416652679443359,-0.38983437418937683,9.006871223449707,-9.66199779510498,9.835308074951172,0.04032817855477333,0.09138131648936171,118101-3-0-4.wav,16000,3.0
-491.51025390625,118.7955551147461,14.589553833007812,26.361732482910156,-11.043680191040039,30.687889099121094,-5.055453777313232,15.137166976928711,-4.121138095855713,8.156084060668945,-3.5605242252349854,8.068254470825195,2.5786781311035156,5.475062370300293,4.841977596282959,9.138694763183594,2.455169439315796,9.900304794311523,-0.04390367493033409,5.586031913757324,-1.0068248510360718,3.9992611408233643,-2.9853198528289795,6.1375508308410645,-3.4879956245422363,9.530564308166504,0.018320726230740547,0.02327127659574468,118101-3-0-6.wav,16000,3.0
-134.7714080810547,9.921868324279785,140.8067626953125,11.383548736572266,-7.986534118652344,8.87974739074707,11.886335372924805,8.598995208740234,6.8944411277771,10.649391174316406,32.07086181640625,8.544808387756348,23.400590896606445,11.238394737243652,18.358680725097656,15.648065567016602,-1.6966793537139893,8.307756423950195,9.57441520690918,7.957620620727539,3.8041653633117676,7.634578704833984,7.2325615882873535,6.723937034606934,0.39589354395866394,6.744450092315674,0.14868757128715515,0.04861515126329787,118279-8-0-0.wav,16000,3.0
-137.4016876220703,11.108932495117188,135.32925415039062,9.829672813415527,-5.412938117980957,7.707592964172363,15.3147611618042,7.512200832366943,10.812738418579102,10.360124588012695,34.225494384765625,7.747864723205566,13.798254013061523,11.735438346862793,12.28467082977295,12.801097869873047,2.7225818634033203,6.548580646514893,18.152137756347656,9.202715873718262,5.288758754730225,9.033905982971191,3.6125309467315674,5.548708438873291,-2.953481912612915,5.653554916381836,0.15705174207687378,0.047295752992021274,118279-8-0-1.wav,16000,3.0
-111.67337036132812,10.771417617797852,141.348388671875,5.935490131378174,-16.655147552490234,6.777962684631348,4.109316825866699,8.056851387023926,2.648573637008667,12.1038818359375,31.546926498413086,11.665287017822266,25.89642906188965,7.072052955627441,16.588653564453125,12.03824520111084,-5.773504257202148,7.143853187561035,10.576529502868652,10.372055053710938,1.1557691097259521,10.309905052185059,0.21621234714984894,8.387587547302246,-6.1438307762146,9.332904815673828,0.14775560796260834,0.07769905252659574,118279-8-0-10.wav,16000,3.0
